,matchedIS,BQ1.5.1,BQ1.5.2,BQ1.1,BQ1.2,BQ1.3,BQ1.4,BQ1.5,BQ1.6,BQ1.7,BQ1.8,BQ1.9,BQ2.5.1,BQ2.5.2,BQ2.1,BQ2.2,BQ2.3,BQ2.4,BQ2.5,BQ2.6,BQ2.7,BQ2.8,BQ2.9,BQ3.5.1,BQ3.5.2,BQ3.1,BQ3.2,BQ3.3,BQ3.4,BQ3.5,BQ3.6,BQ3.7,BQ3.8,BQ3.9,BQ4.5.1,BQ4.5.2,BQ4.1,BQ4.2,BQ4.3,BQ4.4,BQ4.5,BQ4.6,BQ4.7,BQ4.8,BQ4.9,BQ5.5.1,BQ5.5.2,BQ5.1,BQ5.2,BQ5.3,BQ5.4,BQ5.5,BQ5.6,BQ5.7,BQ5.8,BQ5.9,BQ6.5.1,BQ6.5.2,BQ6.1,BQ6.2,BQ6.3,BQ6.4,BQ6.5,BQ6.6,BQ6.7,BQ6.8,BQ6.9,BQ7.5.1,BQ7.5.2,BQ7.1,BQ7.2,BQ7.3,BQ7.4,BQ7.5,BQ7.6,BQ7.7,BQ7.8,BQ7.9,QC7,QC8,QC11,QC12,QC13,QC14,QC15,QC16,QC17,QC18,QC19,QC20,QC21,QC22,QC23,QC24,QC25,QC32,QC33,QC34,QC35,QC36,QC37,QC38,QC39,QC40,QC41,QC42,QC43,QC44,QC45,QC46,QC47,QC48,QC54,QC55,QC56,QC57,QC58,QC59,QC60,QC61,QC62,QC63,QC64,QC65,QC66,QC67,QC68,QC69,QC70,QC76,QC77,QC78,QC79,QC80,QC81,QC82,QC83,QC84,QC85,QC86,QC87,QC88,QC89,QC90,QC91,QC92,QC98,QC99,QC100,QC101,QC102,QC103,QC104,QC105,QC106,QC107,QC108,QC109,QC110,QC111,QC112,QC113,QC114,QC115,QC120,QC121,QC122,QC123,QC124,QC125,QC126,QC127,QC128,QC129,QC130,QC131,QC132,QC133,QC134,QC135,QC136,QC142,QC143,QC144,QC145,QC146,QC147,QC148,QC149,QC150,QC151,QC152,QC153,QC154,QC155,QC156,QC157,QC158
Phe,IS1,8180000.0,4310000.0,165000.0,339000.0,1160000.0,2580000.0,3340000.0,7620000.0,18700000.0,25400000.0,61200000.0,10800000.0,6030000.0,318000.0,618000.0,1660000.0,3690000.0,4420000.0,12500000.0,24500000.0,37700000.0,87300000.0,8430000.0,7120000.0,1940000.0,2190000.0,4390000.0,3850000.0,7280000.0,5060000.0,13600000.0,40300000.0,89300000.0,9660000.0,6480000.0,576000.0,998000.0,1970000.0,4450000.0,5090000.0,13000000.0,23100000.0,52000000.0,84000000.0,7210000.0,7290000.0,453000.0,538000.0,2300000.0,3060000.0,5030000.0,15300000.0,22700000.0,43900000.0,91700000.0,12800000.0,8360000.0,636000.0,939000.0,2330000.0,5910000.0,9020000.0,23800000.0,43000000.0,71800000.0,149000000.0,14100000.0,11600000.0,738000.0,3670000.0,3530000.0,7080000.0,10800000.0,27400000.0,50200000.0,89000000.0,167000000.0,1.0537994850082215,1.0024527419480087,0.9956693347206094,0.999466155879696,0.9508882547422353,1.0027912611612226,1.0014596163995286,1.0448671644279934,0.9751611323298822,1.002757129723474,0.996813688863575,1.002797583786989,1.0602827330404994,0.9994853233105161,0.9035179574597144,1.0010577789496442,1.0044206821564248,1.0351684975165605,0.9966389846585225,0.9864000960675671,0.999469815289884,0.905668311094974,1.0357306993513764,0.9838147540050589,0.9987908411043058,0.903641452464782,0.9931496651547298,0.9937658987644934,0.9993263540500003,0.9524846159879651,1.0273333399649476,1.0279076712554829,1.0027844989063368,1.0344364926436336,1.0455971432158926,1.026854378391068,1.0270106975608775,1.0027855956847282,1.078908083277696,1.0027988024728962,0.9890555479825136,1.0027634111891275,1.0220185432188114,1.0024255261879458,0.9637055788912934,1.0027873153024218,1.0260650745815527,1.0193206847611165,1.0626248775211176,0.9994828950979434,1.0721695010955363,1.099279683714993,1.0027778485374346,1.0399502149768882,1.0248915130842984,0.9261338684426617,0.9698936107618138,1.0523355605127007,1.000353574509897,1.0692916329300293,0.9994789784525022,0.9720388009624912,1.002794232090623,0.9779262458836339,1.006710551062174,0.933339560736163,1.0022631301688774,0.993514389719102,0.9577354681165977,0.9982761165203486,0.9658439707112069,0.9880240670812763,0.9873489442994733,0.9994784283816474,1.0639371137290783,1.002789569826086,1.0624318731911608,1.0049885607414406,1.004571716203338,0.9900359145126345,0.9666694937675384,0.9994760332741912,1.067807471583925,1.002785113791646,1.0369232638510963,1.0000540083908203,1.012977886582634,0.9994745809613609,0.9446559497070981,1.00529997972673,0.9580080187534307,1.002239845440181,0.9983457720756326,0.9673466387987392,0.9851121257460413,1.0069958957032585,0.9869574787199098,1.0032889594353316,1.0186892558326717,0.9994710284728578,0.9844361453926653,0.9994689622042291,0.9840624744722923,1.0068203258245487,0.999468544866391,0.9534293715172625,1.0034016808721762,1.0027675791725243,0.9983349708367915,0.9562521370802994,0.9994876347888968,0.9781085225877049,0.9497998824627907,0.9619817012815844,1.0027796797162176,0.9051751387160167,1.001906513404218,1.0111961677939743,1.0027830254211643,1.0144164065397283
Tyr,IS1,2970000.0,1630000.0,38800.0,85900.0,308000.0,793000.0,1180000.0,3050000.0,8170000.0,11700000.0,25600000.0,4090000.0,2490000.0,119000.0,181000.0,530000.0,1240000.0,1690000.0,5060000.0,9790000.0,17000000.0,35500000.0,3180000.0,2680000.0,622000.0,806000.0,1660000.0,1230000.0,2670000.0,2190000.0,6400000.0,18500000.0,36200000.0,3580000.0,2450000.0,135000.0,252000.0,562000.0,1450000.0,1950000.0,5410000.0,9750000.0,22600000.0,32900000.0,2580000.0,2530000.0,130000.0,151000.0,649000.0,951000.0,1780000.0,6180000.0,9980000.0,20300000.0,38300000.0,4610000.0,3240000.0,229000.0,316000.0,817000.0,1870000.0,3360000.0,9890000.0,19100000.0,32800000.0,55400000.0,5060000.0,4190000.0,204000.0,880000.0,977000.0,2160000.0,3670000.0,9550000.0,20200000.0,34800000.0,57400000.0,0.9808292815067494,0.9985795811673353,1.0069554674733132,1.0003963221598442,0.9903340351799769,0.9980662593688728,1.0145763312670164,0.9985816255863081,1.0248899973512573,1.007604466331752,0.9850409120035158,0.9796675045273069,1.0033745027980525,1.0003979032698966,0.9277115240954775,1.0024202481342037,0.9911417937062401,1.025108429258006,1.0151378839121794,0.9744376699051935,0.9967492828659812,0.9163506027578677,0.9985819887908612,0.9892022214145676,1.0138394137898357,0.9899589765016121,0.9941718504569292,0.9997766975158763,0.9985817734621343,1.0110403069472096,1.0003909825970048,0.9905554221285314,1.0003975565979737,1.0189372028837556,1.0011682005644094,1.0076976995690161,1.0097800647283093,0.9989837737889724,1.0403797728221003,1.0003985784691687,1.0353884688296386,0.9985854118952352,1.038772677743766,0.9974870867312591,1.0051150402113276,0.9985833548553843,1.0370293324040145,0.9953663376510453,1.0172290995686717,0.9985792001018302,0.9836295700559151,0.980071186773683,0.9846600910596902,0.9689068654115954,1.009507189621238,0.9990098215654541,1.0004010142461308,0.9861108857011135,0.9989585499842766,1.0154259149002804,1.0145070793347057,0.9842490417505957,1.000400028176874,0.9708845385536701,0.9981908332524012,0.9776148395050042,1.002852070971426,1.0040527168294822,1.01196092087324,1.0003981627158365,1.0034545838089537,0.9903712288874249,1.0136995311536867,1.0003958329793545,1.0024474524421403,0.9985873748460524,0.9947889193071143,1.0077167815779506,1.0137268965080042,0.9866903319802853,1.007467267827884,1.0004039852587292,1.009988187623406,0.9722711996654969,0.9681196947487825,1.008274476213942,0.9848485140257471,1.0003973175772716,0.9810071636281351,0.9974471313697247,1.009322463616204,1.0005793533927665,0.9998097937153438,0.9985869894153527,1.0134695738765171,0.9982620659192899,1.0181493707861187,1.002120866431971,0.9963289970095011,1.0082019893175445,1.0135115289954555,0.9947284658055763,1.0177501745053457,0.994961969253009,1.0049758820894903,0.9976039881348271,0.9968270915543895,0.999188784374528,1.0003991288872516,0.9944393579648687,0.9985857317626238,0.9950925649834085,0.9988991826938621,1.014441803462378,0.9985891038446069,0.9860979342307049,0.9992049416502367,0.9857529675980252,1.0004002481608016,0.9971538961294478
Glu,IS4,23700.0,11800.0,533.0,698.0,2690.0,5140.0,5920.0,13200.0,18400.0,26200.0,92900.0,32200.0,22600.0,1200.0,1610.0,5780.0,11700.0,8930.0,41800.0,34800.0,124000.0,164000.0,26200.0,12100.0,3230.0,4180.0,4590.0,8490.0,20600.0,23300.0,51600.0,57400.0,136000.0,31000.0,19800.0,644.0,2880.0,4470.0,9540.0,14800.0,37600.0,48200.0,132000.0,222000.0,22400.0,13700.0,521.0,712.0,4980.0,6150.0,10500.0,25900.0,51100.0,92900.0,190000.0,31900.0,18900.0,703.0,826.0,3800.0,8820.0,17200.0,45400.0,86000.0,128000.0,315000.0,27500.0,22100.0,729.0,5140.0,6310.0,14300.0,25600.0,48500.0,79100.0,170000.0,375000.0,1.0358880999123476,1.0043725543169926,0.8176539993407274,0.876565099867498,1.0306409685511608,1.0049529873309642,0.85589252078409,1.1761759810633636,1.0363845875482638,0.9096140869158856,1.0550680213267931,0.9865564222430707,1.001934715141369,0.9865986969059125,0.8858288749430768,1.0048785549295411,0.6977513401988379,1.0151385734397929,0.9577494290938829,0.7914527824403529,1.0049993240248487,1.3591287819559987,0.9869786549077157,0.925273554460369,0.9911789557258845,1.5221444526616383,0.8295825844022462,0.8953045823008773,1.0272700889262427,1.0471784120552288,1.0053378778498845,0.9108249199648054,0.9870462207196506,0.6379642976368678,1.0349010926030475,0.9938948454774951,0.6985262982844453,1.0052061445310867,0.794050207773684,1.1445280525122905,1.108410145323756,1.0049228097870861,1.037709676557302,0.9733072904629875,0.9196918207688123,0.8191587790042255,0.5394650469830885,1.0084977499649033,0.9897196608111356,1.0049008338772616,1.0198497931347625,0.746031562188412,0.9986464440792854,1.1879461327685463,0.9570777853592117,1.102213493777959,1.0049848316439152,0.9258153416809337,0.9892373680611543,1.139072587383887,1.0432639549144676,1.1569425851100226,0.9805973384786825,1.0738836557660851,0.8765230027486317,0.9135562767630452,0.9919203282882081,0.9749898241374997,1.2806878002543,1.316661904567812,1.0595333053416616,1.007101806821872,1.0401556256210132,0.9534623753348793,0.903009990678113,0.9861096282387464,0.8779505411657332,1.0047783163030402,0.8141406264318412,1.0056563709634936,0.8495425091541986,1.0054801699866802,0.7625913416865846,0.9865632603663246,0.8268264895042221,0.9870805009896282,0.9857198213541734,0.9870642616034434,0.8366388397433867,0.9867130592487399,0.8974192240111452,1.0203285447332693,0.9872521879308126,0.9853096058986553,1.0344304975122856,0.9440954221589549,0.8526562001706396,0.9864414289990023,0.8546059069489969,1.0045980112034365,0.8802237397220013,0.996981092017216,0.7470367915952488,0.8572894905579237,0.9866928231262131,1.0014543265877816,1.0005233340992488,1.0000490199173464,0.9833542979305789,0.8608385087182198,1.059802826918765,1.0308401360906896,0.9991965986413608,1.047210096448889,1.0047593274921993,0.7778455016963932,0.9870226543868419,1.3273399785230757,0.9368066244632723,0.968536473471582
Arg,IS4,30200.0,17700.0,1140.0,3590.0,2680.0,9830.0,7560.0,16200.0,52000.0,87600.0,221000.0,50300.0,41800.0,3300.0,3280.0,9130.0,18600.0,27700.0,75100.0,81500.0,233000.0,659000.0,43300.0,44900.0,9080.0,13700.0,24900.0,13900.0,40400.0,47800.0,101000.0,255000.0,606000.0,37800.0,30100.0,2230.0,2980.0,6640.0,14700.0,22800.0,70100.0,69000.0,279000.0,500000.0,37300.0,21300.0,1860.0,2540.0,6720.0,8480.0,14800.0,54100.0,108000.0,190000.0,490000.0,46300.0,27900.0,2430.0,3730.0,6060.0,14800.0,26300.0,91500.0,157000.0,212000.0,815000.0,49800.0,37900.0,3220.0,6120.0,7330.0,20700.0,26800.0,74700.0,108000.0,259000.0,849000.0,0.8757089933892528,1.3286948394413554,1.4268657514297043,0.9760496231442094,0.9496192023461458,1.0131681563390338,0.7210422777762716,1.0131646752768333,0.7369708477368526,1.0529235143599678,0.7065982041580162,0.9130653493822285,0.9192560108644912,1.0127195182439517,1.073796189547367,0.9924605933548872,0.6863604449534795,1.0775318657247597,1.013307309754972,1.0275173934895454,1.1596017961381606,1.0292592079601146,0.9948088801498186,1.018242445335905,0.9948262322375166,1.2883943287992858,1.014153155782377,1.2018929988175278,0.9744877815829454,1.0545695042216927,0.8155344572399453,1.0446585377346542,1.0557349197193984,0.6774298060110762,0.756102662832597,1.0723793029371746,0.807834749985045,0.9948844858055257,1.0707904880234917,1.0127215043349567,0.9406298172660202,0.9932391791162297,1.1774880389013407,1.0119690846096716,1.0426228614121287,1.012656506909709,0.8800735813369921,0.9948821147987094,0.8022113177629361,1.0103011427275237,1.0099131545922553,1.0153655792892298,1.0132043981414156,1.245593730855508,1.0090444142956265,1.219819431811374,0.9948970520689516,0.9222086579830264,1.016807988403576,0.9505643662282424,0.9974825260282355,0.9891331441030771,0.9731421767999789,1.088368232923754,1.0375620768986988,1.2073219279354643,0.9832387887373416,1.5443333604638165,0.8270781083402351,0.9952685287338546,1.0288489027340206,0.9949403801604981,0.8826310847425625,1.035993446081374,1.1431014792110483,0.8597657658067349,1.03158073504788,0.9948813670291855,1.0786026219963845,1.013300926069192,0.9900203525678709,0.9037645842654413,0.8946531648419276,0.9945792702040185,0.9857327082840338,1.0197647532740108,0.8854492945009702,1.0455176820856409,1.114847489184192,1.0084041994134505,1.246406305302227,1.0132915401017641,0.9015006442985801,1.013483720887738,0.9255303817068032,0.9943752936651997,0.9437317628284903,0.8876893051063741,1.2363204383090547,0.9952515169003654,1.0041871331301635,1.0132044257343755,0.7709039060336451,1.2138138942210348,0.9949293507425433,1.1723717923631145,1.0328834045137907,0.908091725837524,1.038704026292515,0.8682591073490772,1.0132308498691665,1.128663536003172,0.9603824665087971,1.2671991759044108,0.9888567599259644,0.8155799077171177,1.0046687125461062,1.3090394414473692,0.9807426726178099,1.1034828926736884
Met,IS5,547000.0,277000.0,7250.0,14900.0,56000.0,140000.0,194000.0,534000.0,1490000.0,2310000.0,5390000.0,649000.0,429000.0,19500.0,33400.0,102000.0,258000.0,304000.0,1040000.0,2020000.0,3780000.0,9130000.0,508000.0,422000.0,88200.0,99200.0,263000.0,187000.0,438000.0,343000.0,1150000.0,3630000.0,8370000.0,631000.0,453000.0,26200.0,46400.0,104000.0,285000.0,360000.0,1040000.0,2010000.0,5130000.0,8740000.0,446000.0,462000.0,23700.0,26700.0,120000.0,165000.0,328000.0,1210000.0,1860000.0,4240000.0,9650000.0,796000.0,511000.0,43100.0,63200.0,143000.0,318000.0,507000.0,1770000.0,3660000.0,7120000.0,16300000.0,921000.0,729000.0,44900.0,161000.0,185000.0,449000.0,750000.0,2020000.0,4380000.0,8700000.0,19600000.0,0.962311262191198,0.997836042014439,1.0880797432182445,0.9943913352159638,1.0272977905459657,1.0043179757246479,1.0121174026051885,1.0042901641522533,1.0405793194846824,1.0043215993542687,1.1163619024093518,0.9978430694811663,1.0629252600384342,1.0799129423145803,1.131054900647678,1.0042972799842758,1.0505900061710722,0.9889011929919346,1.0043540053722513,0.966327291398044,1.024791983069979,1.0428448362151717,1.0022150683118334,1.0219885998903937,0.9734722554900379,0.980128833544864,1.0043647227527484,0.977374700105116,0.9944333997315871,0.9867731678307867,0.9985304210996476,1.032108886382439,1.0061039281965274,0.9839012904700416,1.0419616989702933,0.9978762074753884,0.9754574790372669,1.0319508981341359,0.9901676589290167,0.949507544412394,1.0634797244785232,0.9659656243318367,1.034262076394094,1.0033439552306482,1.0347194476115182,1.0083279031916115,1.0086048575126796,1.0099675834884638,1.0304306141186053,1.0012068107778929,1.0124254185071935,1.6781534433140577,0.9977656329776238,1.0322749206015893,0.9993281469237464,0.9798075725091507,1.0043321743375526,0.9259969439825524,0.997054222749114,0.977377574484678,1.0043195469909159,1.1991228591656133,0.9803768046320825,1.08074965344335,1.0043132248215056,1.044576116463999,1.02808220407101,1.0651874290847347,0.9752756260147363,1.004322384582204,0.9180918432910707,0.9978797238308509,0.9392023220675806,1.0194325807906461,1.0376438278851263,0.99790750286759,1.0461945402025024,0.9685832101942969,1.0198610960452206,1.0042738430324332,1.034930782521583,0.9905556240507194,0.9755970316203041,1.0033116637990318,1.1240696718189058,1.0259306192573787,0.9712212213356208,0.896425091612578,1.0087057057080204,0.9979031633570556,1.007576203058032,1.0378095480952971,0.9826602964687783,1.0042926888159307,0.9931776654306091,1.0064500155205685,0.745273129277857,0.9978777940059207,0.9665876065523489,0.997820483231506,1.0000584926077092,1.0091483935392713,1.1047961074200943,1.0391943652557374,0.9361385422306908,0.9076105264990209,0.9883934382403786,0.9592362980436809,1.0760456376508156,1.0008833918954887,0.997940636124216,0.8217385983502612,0.9797777593905662,0.7882690987099473,0.9978823376288577,0.9877793308440432,0.9981761119242305,0.8296649533740725,1.0412540020785417,0.9431356185956739
Val,IS6,1330000.0,797000.0,17700.0,44900.0,145000.0,341000.0,501000.0,1250000.0,2770000.0,4110000.0,8220000.0,2500000.0,1600000.0,81000.0,137000.0,391000.0,918000.0,1280000.0,3630000.0,6390000.0,11600000.0,25100000.0,2170000.0,1600000.0,453000.0,656000.0,1410000.0,775000.0,1630000.0,1370000.0,3890000.0,10700000.0,21000000.0,2460000.0,1650000.0,82500.0,167000.0,393000.0,999000.0,1340000.0,3780000.0,5850000.0,14100000.0,21500000.0,1640000.0,1570000.0,74400.0,101000.0,426000.0,618000.0,1210000.0,3680000.0,5800000.0,10500000.0,19200000.0,4030000.0,1440000.0,127000.0,193000.0,487000.0,653000.0,889000.0,6170000.0,11300000.0,14000000.0,29300000.0,2340000.0,1410000.0,205000.0,800000.0,669000.0,1590000.0,1300000.0,3630000.0,11200000.0,21400000.0,39900000.0,0.8198144295288262,1.2700647149523945,0.809473921835425,1.0050189938375478,1.72962155665311,0.9094897616187968,0.9689522188587466,1.0049620297810196,0.9411787778604874,0.9928262374122614,1.0929506538699063,0.9927587276173334,1.8274262240979546,1.0272265560913383,1.0628640567390655,0.9943415855831338,0.9692588468347125,0.9914703761024192,0.9928846973102478,0.9399480941910385,1.0051118070520941,0.9521258126670997,0.9929042253440248,0.967982016728915,1.0050707640601857,1.021361853502683,1.0041549567671595,1.032214344383199,0.9953602414473429,1.0008306270219332,0.9988025167002046,1.0028457147106908,1.0227920259718124,1.0186629505122358,1.0356337993081426,0.9990461889805787,0.9955944138341605,0.9900831082075869,0.9970753846102509,0.994571381189414,0.9811953235516718,0.9917362930642145,0.9682689497549256,1.0230675005813838,0.9960518524103963,0.9958923192438474,0.9724987958674406,0.9955818099659578,0.9750384723086647,1.0050897372795542,1.0729508893593118,1.0149006459808814,0.9979623721085564,1.0058316955394975,0.9959609387595858,1.0271558149749107,0.9934663230223679,1.0126146732109553,1.002474034808623,0.980377325492978,1.002955029261244,1.0292610834608305,1.0068654490059816,1.0281840357133007,0.9914745470439018,1.0167207231159596,0.999212726867215,0.99338612842796,0.9605852377428131,0.9928884004914547,0.9900594393711383,0.9928466789367423,0.9794557527812431,0.9966908319472707,0.9932270632292809,1.0050352222011054,0.9793927639269484,0.9929258530312438,0.9870018201320885,1.0050886891224617,1.007589937000429,1.0040917840430945,1.0196753730766983,1.005061193991563,1.0670571212444757,0.9929299524148193,1.4754079930676647,0.9928440603183096,0.997599299221254,1.006904737447294,0.9737483594861265,0.9929201030548593,1.0338105584459447,1.0051065248135385,1.0258704864358932,0.9799988408135615,1.0116652071492784,1.0050774909750362,1.7460677606902144,1.005080808259217,1.667048268205901,1.003924832583393,1.018465664519653,0.769854109034291,1.0047787787831608,0.8684609256294237,0.9777040499806324,0.7762673391697572,0.9927417464164106,1.0201744571859932,1.2952016865628386,1.6106528585556132,0.992786118363697,0.9888403851579943,0.9789052897886227,1.4296571750206695,0.9927489626558156,1.3175614196759136,1.114219151342343,1.2198993541744805
Choline,IS8,1740000.0,1160000.0,38400.0,83900.0,249000.0,514000.0,791000.0,1390000.0,2040000.0,2450000.0,3290000.0,2180000.0,1550000.0,99300.0,155000.0,429000.0,863000.0,1280000.0,2800000.0,3300000.0,4320000.0,6580000.0,2110000.0,1880000.0,167000.0,221000.0,542000.0,829000.0,1780000.0,1720000.0,2670000.0,4640000.0,6690000.0,2210000.0,1610000.0,108000.0,210000.0,505000.0,986000.0,1370000.0,2520000.0,3230000.0,4730000.0,6050000.0,1880000.0,1410000.0,87300.0,148000.0,427000.0,696000.0,1180000.0,2270000.0,2960000.0,3880000.0,5580000.0,2170000.0,1670000.0,144000.0,238000.0,584000.0,1070000.0,1630000.0,3630000.0,4930000.0,6280000.0,9260000.0,2060000.0,1720000.0,163000.0,372000.0,714000.0,1390000.0,1710000.0,3890000.0,5560000.0,7320000.0,10300000.0,1.0236202955868614,0.9943170269324114,0.9708099830679634,0.9446800039934435,0.9854261483534394,1.001082085645504,1.0614496193450935,1.0010714653039663,0.9877915886644064,0.940158775312735,0.9713036932433856,1.008711816640353,1.0036456205216275,1.0010944906279964,0.8944553319312385,1.0010860953049876,0.9979086846472144,0.9675959416267434,0.8533790934291269,1.0471174841112068,1.0026746464720406,0.9024975851704894,1.0010745658457187,0.8506588708201,0.9869663408181714,1.0956827563845382,0.9949941503764984,0.955015405800789,1.001039878879663,0.9732538598435906,0.9943236225651436,0.9730755138590805,0.9943317043125994,1.0424605482720124,1.0885244393211966,0.9943330648672076,0.9408618964105411,1.0010924744334784,0.9558173197599176,0.9943379008918813,0.8754884821722898,0.9921577814764596,0.9322512838680834,1.0033290613112442,0.9339963955979786,0.9905405159320952,0.9840185023883765,1.0405762058825616,1.0244533614963427,1.0086936254180636,0.9912351716941562,0.8711831289924956,0.9842762604842893,1.1020082675483265,0.99234491239435,1.0410248773506074,0.9942712041982815,1.0381822329839199,1.0231892087252177,1.0911439354342196,0.9943599068917011,0.8718245624420995,1.0010835653035477,0.9683413750307425,1.0227307457713337,0.9989609476382506,1.0166625307267614,1.0496403247458455,0.9169431186281424,0.9809852226084067,0.847193595885944,1.0010887015328762,0.9907925189910903,1.0216764920504697,0.8984101452998086,1.0011349074890108,0.8519560099809622,0.9943936151086553,0.9749929008170671,0.9943227078804794,1.1273685528260318,0.9943212053498098,1.156367809047899,1.024037723754967,0.9237688956290587,0.9943318783821526,0.9677386019696815,0.8880581150618491,0.9123064496590702,0.9781734970505187,0.9640104107865092,1.001083525902108,0.9086926402942579,0.995455737974694,1.0630409007925021,0.9924095671117744,0.9379609450004419,1.0010665450690264,1.0057956953371452,1.0216298837199411,0.968449207239899,0.9987804436874642,1.00024014206906,0.8617894966948916,0.9942882453802911,0.9269599236389998,0.9873840999611077,0.9224131817157893,0.9854335491797627,0.9500134698615431,1.0010598172975074,0.9656902341298712,0.9943107352117891,0.9100803297405773,1.0162395716781436,0.9158668775967851,1.0170624253628273,0.9383009841210977,1.001051902018136,1.0868719421341255
Hypoxanthine,IS6,12200000.0,7230000.0,363000.0,699000.0,1920000.0,3770000.0,5210000.0,10300000.0,22200000.0,30700000.0,54900000.0,14700000.0,9880000.0,685000.0,1210000.0,2820000.0,5420000.0,6840000.0,16100000.0,27400000.0,40700000.0,72400000.0,13400000.0,11100000.0,692000.0,1520000.0,3480000.0,5590000.0,11900000.0,8610000.0,21700000.0,51900000.0,88800000.0,15200000.0,10200000.0,1080000.0,1870000.0,3370000.0,6910000.0,8460000.0,18900000.0,31600000.0,55500000.0,80500000.0,11600000.0,11100000.0,1040000.0,1290000.0,3650000.0,5220000.0,8020000.0,21800000.0,28400000.0,53800000.0,93600000.0,18400000.0,13800000.0,1400000.0,2130000.0,5010000.0,9880000.0,14700000.0,35200000.0,54100000.0,90900000.0,139000000.0,17800000.0,15400000.0,1440000.0,2560000.0,5360000.0,10500000.0,13500000.0,31700000.0,57700000.0,97000000.0,142000000.0,0.9252782189442468,0.9397232157138438,0.9707773732642535,0.9991167087030518,1.0013423399113184,1.0118325429929929,1.0388470247772124,0.9991253906509803,0.988895809356524,1.0057936878026525,0.9567605082175337,1.0172762085506217,0.9920984048062886,0.999155679070622,1.0102658514537668,1.026014445166829,1.0307817863903146,0.9934135157997632,0.9991621425406954,0.9640876414391849,0.9900646920523846,1.0608817228272236,0.9942061484670063,1.0212070226773937,1.0131842161535696,1.0572395110363055,1.0390425583748677,1.048236855424494,1.0058412673251242,0.947858471506029,0.9991673437732977,0.9713205039015032,1.005823568706379,1.0112246470671364,0.9880839398129626,0.999123002739979,1.0058728908038186,0.9906956327851888,1.007378372140661,0.9987850066820549,1.03238157128187,0.9991768094795457,1.0151876932164303,1.008947602446385,1.0218361098840816,1.005796359451225,1.0098991759033884,0.9269535260404822,1.0436899351054167,1.0129571724764017,1.1174981997938598,0.9744455908459426,0.991350184292052,0.894311288661709,1.0057420711022473,0.978078905597197,0.9830902898030592,0.954791496153705,0.9991582195388705,0.9692920828440877,1.001403068315091,1.0116753167247976,1.01114389616413,1.0457166226266092,1.005835946482852,0.9922626149001005,1.0058578412346129,0.962654539537172,0.9268330848885556,0.9964217391183067,0.9195118874115562,1.0113510063623743,1.0897636314028543,0.9956971791145222,1.0168193239151528,1.0055503836872317,1.1131588002891033,0.8934954826729543,1.089267216172734,1.0191475781283597,1.0857424358285956,1.0057835772091457,0.7937539439898678,1.0058975243594759,1.0175891238198078,1.0058113492454506,0.9353135237036224,1.0353935601957047,0.9975217424343571,1.005792924117226,0.9697914825712795,0.9883745301478516,1.012098082394827,1.005801378302037,0.9659602740140957,0.9991418697712574,1.0033548967670913,0.9991331807430271,1.0114716425319334,1.043939664734234,1.0524006574978557,0.9270349970811375,1.2291684908889045,0.9026939817733657,1.0607522151221445,1.014877583409759,1.0050121332870343,0.9768375391376689,0.9991557324757606,1.0754904998829042,0.9543029853878892,1.078876719661811,0.9880240614771131,1.0950346378973939,0.9470807964590939,1.068005375958954,1.0253377357711018,0.9558255308693779,1.0058060625656502,0.8942797080631425
Paraxanthine,IS10,172000.0,92200.0,2740.0,5040.0,14200.0,39400.0,53800.0,171000.0,515000.0,718000.0,2210000.0,282000.0,143000.0,5420.0,11400.0,26200.0,68500.0,88600.0,315000.0,631000.0,1090000.0,3100000.0,201000.0,172000.0,5100.0,9990.0,38700.0,77000.0,170000.0,114000.0,370000.0,1350000.0,3520000.0,253000.0,143000.0,8730.0,17600.0,32700.0,93200.0,111000.0,352000.0,659000.0,1850000.0,3280000.0,180000.0,186000.0,7490.0,9210.0,39600.0,58000.0,109000.0,399000.0,677000.0,1520000.0,3580000.0,271000.0,175000.0,14800.0,21600.0,47700.0,106000.0,155000.0,625000.0,1380000.0,2560000.0,6470000.0,288000.0,223000.0,12600.0,24200.0,58300.0,158000.0,182000.0,662000.0,1420000.0,2750000.0,6240000.0,0.9719354689823999,1.0036220512648175,1.0152478096979372,1.055075210745215,1.046121981885576,1.0036205981968798,0.994094545690053,1.0036190831805367,1.0470172680349978,0.9652809798222873,1.120724926163379,1.003602053047778,0.9624939968328629,0.9976022611590664,0.973487535542985,0.9556342498784357,1.0160445798059807,1.000679734485134,1.0003373958110853,1.028072279659175,1.0008341919954395,0.7623099520379367,1.0035883335457971,1.0757951935784866,1.0036132829640758,1.0392661342610148,1.003662178224018,0.940475385333135,1.0024619782847684,1.0000919160998,0.9588254154537682,1.027466802664724,0.9550590025051123,0.9471374239923901,1.1069206744948048,0.9976338346594678,1.0511448005157131,1.0036385543981725,1.008131826228908,0.9976173807377008,1.0840709139802023,1.0840159458310719,0.9848812454481142,0.9849135724795388,0.959084589039428,0.9976336562493414,1.0341864517583137,0.9976157969438215,0.9583510826534549,1.0026428948733037,1.0147641108641143,1.2070978563022254,1.0012842486908822,1.24044286505329,1.0264343353479,1.1027748605829202,0.9976274178975094,1.1409567846825321,1.003955826238431,1.0005911881393161,0.988905270240635,0.9863348952961986,1.020294911605207,0.9515326115427323,0.9976003287312102,0.937875889913688,0.9991262269001175,0.9297220703891168,1.0865311567262887,1.0032372078233442,0.9302489683346863,0.9991337132612661,0.9782452852279906,0.9870266304470509,0.922423522502719,1.0036838270259998,0.9489723083383849,1.0036296145187689,0.9669058418009795,1.0036142641188421,0.9796717913218779,0.9787361336734297,1.0622116427595731,0.9935833405267215,1.0415700139006272,0.9978184005514781,0.9762311544337373,0.9717218532861255,1.026043347283008,1.0030764054993648,0.9186775423669997,1.0036216831611655,0.9914035824237319,1.051861340756052,0.9517503969549664,0.9730852247538369,1.0651808616365905,0.9990931839673983,1.0151398113341792,1.0112472891553432,0.9341884964855198,0.9976241135279144,0.9193503220326613,1.1402123461270899,1.003635897106396,0.976143021044107,1.009282545720487,0.9953005388486106,0.9123260488768533,1.0289647071721615,1.003596718374495,1.0463505802726802,1.0036482595533975,0.994695527559059,1.03916403510312,0.9921641552719055,0.9776721325922729,0.9515694411814054,0.9976222799042972,1.027155826318413
CAR C3:0,IS11,353000.0,194000.0,5210.0,10400.0,31200.0,82900.0,125000.0,413000.0,1000000.0,1630000.0,3940000.0,431000.0,246000.0,9890.0,20300.0,48600.0,123000.0,177000.0,600000.0,1250000.0,2110000.0,5470000.0,311000.0,269000.0,16900.0,37000.0,138000.0,128000.0,268000.0,255000.0,771000.0,2430000.0,5760000.0,515000.0,284000.0,13600.0,25500.0,53900.0,140000.0,187000.0,677000.0,1170000.0,2900000.0,5050000.0,319000.0,306000.0,13300.0,17100.0,69100.0,101000.0,224000.0,734000.0,1290000.0,2610000.0,6080000.0,464000.0,333000.0,22200.0,32200.0,85600.0,184000.0,329000.0,1130000.0,2360000.0,4480000.0,9990000.0,520000.0,426000.0,19500.0,47000.0,102000.0,244000.0,374000.0,1150000.0,2370000.0,4720000.0,10600000.0,1.0466707425107784,0.999122340059893,1.0014197839171353,0.998078101454435,1.044182263254337,1.0026994655971329,1.0029727750583497,1.0027184517234886,1.0005018249846607,0.9980846988987329,1.002627046419375,0.9980876750391205,1.0135184199363958,1.0026970629152387,1.004078813357405,1.0530232220016684,1.0607893984939138,1.025434574692068,1.004456675766258,1.0838046122005285,1.0600843355377472,0.8328114564745982,0.9984661151568955,1.0011736410254368,0.989102619187314,1.0153425614836902,0.9980664719808192,1.0255300965860432,1.0085521802896522,0.9249343555254721,0.9967420662382793,0.8956337832195099,0.9980761380686364,1.0310266277332207,0.9780274532523123,0.9980819822802098,1.014937505849801,1.0266967731450816,0.9577562479568891,0.9952813138072835,0.9279473022077221,1.0277528168609322,0.9784188751016178,1.0027086991070313,0.9710034126773179,0.9930396845088659,0.969112827903335,1.0026980225143245,1.027007824715228,0.9947401392394319,0.9712260841603299,1.1459288536940135,1.0304525888081262,1.0933438265179012,1.0100732623654856,1.0469982851657176,0.9878996930205202,0.9826728071926749,1.0008050473766648,1.0020648406801131,1.0525215046706011,0.9965741380464103,0.9969444223873587,0.9900886065508103,0.942273486426389,0.9900576169089185,0.9980723009653085,0.9336851726021758,0.9672244828036901,0.9913089504955465,1.0206141056552862,0.9986728940386586,1.050496761054205,1.0027168091007872,1.0450033460347758,1.0047555975955031,1.0189766781171794,0.9891533336210563,0.9904653362738299,1.0098789136615303,0.9855752061132015,0.9804132407833817,0.9778796091651718,0.9980900426249423,1.041467861517165,1.0027036983600275,1.0615737494094002,1.0027014647175185,1.0173042836479715,1.0026954593451733,1.031332327582235,0.9999316931891331,1.0040484085166081,1.0027267803178017,0.9893960726544057,1.0009544232237517,0.9830823515873511,1.0026996220617848,0.9991505262059763,0.9492136555232976,0.9686638098887281,0.9996599192088896,0.9569986740079507,1.0459402628572616,1.024215235446005,1.023645759247722,1.0038778252482576,1.0267328163540128,1.0027149565039413,0.9863149766635,1.004567637994701,1.0380320956249052,1.0027271251923144,0.9872403379927535,0.9846601535656535,0.9679419351787996,0.9929315555802347,1.0193858325168592,0.998081293919515,1.0054979967341116
CAR C16:0,IS9,2620.0,2360.0,399.0,732.0,883.0,1110.0,853.0,2660.0,15200.0,13500.0,1290000.0,8810.0,4120.0,259.0,674.0,2300.0,2450.0,3170.0,15400.0,240000.0,746000.0,9770000.0,5980.0,16900.0,24000.0,27900.0,36700.0,5070.0,30500.0,21600.0,27500.0,1070000.0,8710000.0,29100.0,18200.0,264.0,404.0,2000.0,6420.0,8180.0,26000.0,55900.0,691000.0,8530000.0,36600.0,11800.0,725.0,422.0,3480.0,1920.0,5130.0,19500.0,26000.0,1800000.0,16500000.0,58200.0,40100.0,362.0,3130.0,2360.0,4880.0,21100.0,17100.0,89700.0,2080000.0,20100000.0,88100.0,74300.0,1270.0,15100.0,1760.0,6160.0,48400.0,24500.0,101000.0,4500000.0,16800000.0,1.005394647115008,1.001142738667394,0.9649824823569478,0.9980201023019964,0.9668977639186642,1.0254507939258075,0.9681750821149123,0.9608267426961967,1.0181613416933848,1.0230500648250813,0.9921572433604094,0.994429871074401,1.036524249596769,0.9962374607650463,0.9181730977004188,0.998015975087906,0.9566012336427013,1.0110330351645718,1.0011564343666608,1.0533157818132581,1.0164996140778766,0.9512227734545937,0.9980229463001411,1.0331649047127212,1.0211217089406082,1.0035575169177657,0.998709650692761,1.0018104166474076,0.9933511620628456,1.0247926918649728,1.0011510191582942,0.9515028374989861,0.9986281307477168,1.012830323681316,1.0361221470364759,1.0026554336454316,1.0017737434629335,0.9986543419494858,1.031330069679597,1.0105928364813803,0.9840463237801882,0.9980224994855957,0.9788601128192729,1.001145089884419,0.9916533724705023,0.9424710680746619,0.9972365294781252,0.9970811962001954,0.957334550892266,0.9985380277512825,0.9432496409325701,1.0568755675273884,0.9980222875019807,1.024952326612862,1.030962970424584,1.0415159494637902,1.0011521757465525,1.0269007069337348,0.9973250758025446,1.0131976888743954,1.001136069600861,1.0345421390407024,0.9980181570058371,0.9746399291430982,1.0011546816217298,0.9815343787561183,0.9673219174179016,0.9307769676862141,0.9932465272920837,0.9991788604404315,0.9681913047359443,1.005670190038048,0.9919280910388497,0.998015857485131,0.9731842169893725,1.0011521269209602,1.0093999066162473,1.022576033653344,1.0163683136832609,1.001085471179319,1.00853861941485,0.9980162044577863,1.0263943215844578,0.9980232692625518,1.0082324139856005,0.9985645684987476,1.0242830970853356,1.000526988790017,1.00883167572182,1.009810507678845,0.9961930768229253,1.0013344333248804,1.0121181235494983,0.9980235411704271,1.018834277121405,1.0010626199927966,1.0115582485977799,0.9969099243019698,1.009867195724321,1.0011601192745108,0.9804959320034082,0.9896948577705014,0.9568317138831821,1.034450050464545,1.0011438391555718,0.9903934449183763,1.00115012787129,1.0306755471404478,0.9980178697139809,1.0094359220794005,0.9992424296711988,1.0026466993671836,1.0011533639297556,0.9922419901503472,0.9980217999591845,0.9709782759790868,1.0011496874944121,0.9860067290212293,0.979123487924992,0.9617346411151467
Hippurate,IS7,110000.0,49300.0,2220.0,3500.0,9090.0,22300.0,29000.0,112000.0,365000.0,638000.0,1990000.0,167000.0,82900.0,4550.0,7570.0,20400.0,50000.0,64000.0,235000.0,521000.0,985000.0,3080000.0,112000.0,86000.0,92800.0,9170.0,38800.0,42800.0,89800.0,61800.0,232000.0,969000.0,2720000.0,171000.0,84400.0,5760.0,9790.0,19000.0,51300.0,61700.0,234000.0,447000.0,1520000.0,2700000.0,110000.0,103000.0,5410.0,5310.0,22900.0,33800.0,60300.0,262000.0,511000.0,1160000.0,3020000.0,173000.0,114000.0,7390.0,12800.0,28800.0,67600.0,113000.0,470000.0,1030000.0,2210000.0,5610000.0,197000.0,156000.0,8860.0,90600.0,44200.0,103000.0,154000.0,532000.0,1160000.0,2600000.0,6630000.0,1.0349252794005503,1.0052105365121533,1.0245969582906918,0.9959932115787581,1.0154799623072819,0.9966852037525443,1.045408697284343,1.002262398797254,1.033389712137137,0.9959152007450378,0.9919228672309024,1.0022526621673948,0.9915525257524327,0.9959553645586844,0.8293093054478005,0.9460391681561214,0.8413775437380548,0.9525227228232634,0.9880142408554454,0.8677992019935863,0.9959195360645521,0.9176527190470032,0.9987310182750095,1.0895370910836097,1.0022423346451579,1.0592293186183517,0.9341143154802481,0.9975068822518764,0.9959288428215598,1.0267774459063956,1.0540063881441053,0.9816096518379029,1.0132892245608973,1.0155348090590615,1.0086126388663206,0.9959100995891209,1.030126615179435,1.0264555475097095,1.053643216652607,1.0022779522551097,1.0238750379407122,0.9982224444984442,1.0257835532875546,0.9531422787134304,0.9699673473677275,1.0022496093209106,1.0375002959911803,0.9962394730941408,0.9706822212452932,0.9939847615779354,0.9249864876465108,1.1203833067560953,1.0021570705276812,0.9512950589832943,0.9992662322684883,0.9548176527208666,1.0022409423359375,1.010040402432809,0.9963397299223707,0.9587929559612959,0.9958926168320464,0.9606645670212708,1.0022200002335058,0.9610454622989469,0.9959237696504977,0.9496744318263305,0.9959296660328786,0.9562338234266821,1.016082521609113,1.0397091019494085,1.0130341490776,1.004069466763597,1.0285371760964142,0.9610878743791814,1.086076526789235,1.1091757701554432,0.9921474898735168,1.0022958465935146,1.0186261575040776,0.9959289824682093,0.9956251744926201,1.001400333322702,0.99140989575299,1.0022541491182624,1.0160139188216022,0.9844153081418924,1.087129160786716,1.0549018804637023,1.0057864288981466,0.9906474350569348,1.019717576215492,0.9874800090023208,0.9517756846967423,1.0095689477710084,0.9803089970863872,0.9959436436713563,0.9959106082073089,1.012656788684224,0.9649460336036324,0.9963601161753451,0.9820519825383229,0.9863055129264672,1.0058987050378614,1.0544292089595697,1.0415222386704803,0.963413282173192,1.0048772431905473,1.0054340361131073,0.9915646113735316,0.978782177720596,0.9959378342800236,0.9273181046674647,1.0003293382879823,0.9245019781412606,0.9973060336405829,1.0124643707861252,1.0022442325563323,1.0271064375471035,1.0040069056348537,0.9886064906483815
Pantothenate,IS7,186000.0,85200.0,2690.0,4430.0,14600.0,41800.0,50200.0,189000.0,529000.0,815000.0,2030000.0,241000.0,135000.0,5450.0,10300.0,29900.0,75500.0,90800.0,346000.0,680000.0,1170000.0,2980000.0,148000.0,143000.0,7760.0,18700.0,57200.0,81500.0,166000.0,110000.0,410000.0,1330000.0,3130000.0,262000.0,144000.0,7210.0,13600.0,27800.0,78800.0,91800.0,350000.0,611000.0,1630000.0,2780000.0,179000.0,187000.0,7210.0,8240.0,37000.0,51500.0,111000.0,415000.0,712000.0,1470000.0,3300000.0,238000.0,144000.0,9900.0,16800.0,41000.0,95200.0,148000.0,610000.0,1270000.0,2440000.0,5450000.0,265000.0,242000.0,10800.0,35100.0,53000.0,128000.0,195000.0,671000.0,1440000.0,2690000.0,5810000.0,1.0777130440009104,1.0667238460455561,1.0164354914270188,1.004269268919955,1.04555860767672,1.0016915250848246,1.0403263541663994,0.9644740207909457,0.9502352824811532,0.9947646335257919,0.9698889462313284,1.0067846426984008,0.9513869642269032,0.976050285182742,0.840808074109157,0.99476910070196,0.8358879635785487,0.8482162601228006,0.994814242839723,0.8803479157894126,0.9960795698125825,0.9586427056822394,1.0015929316550602,1.1459363017605462,1.0016188662087357,1.062674974803056,0.9948096318052092,0.9699313249507748,0.9993227769152913,1.0763850306067881,0.9947925351177587,0.975484197397927,0.9849847408734198,0.9807639014463653,0.9298056861815622,0.9533020562323409,0.9988995405645902,0.9928923978686038,0.9895728453866048,0.9983669933351058,1.0612554842293465,0.9876697227940521,1.0012116001080358,1.0088042291684163,1.110358339913416,1.0017208925299892,1.0305747837536856,1.0016485967731465,0.9602996238966043,1.0792574747233357,0.990866240874235,1.1545350892933635,1.001630460074045,1.0001681392057442,0.9947600372835558,1.0137921163266859,1.026614742849182,0.9644226103224484,0.9950632595570263,0.9187872683765359,0.9879172813986775,0.9757308172144444,0.9927159499246527,0.971235450362634,1.0130403400502246,0.9075554773939298,0.9945477392677813,0.9509122241982454,1.1198846651052325,1.0672578811248643,0.9370821594479178,0.9947561677540391,0.9731638155961582,1.0195400099579108,0.9353942721140729,0.994866379235467,1.0423341272415785,0.9947840647919028,0.9582299258428102,1.0072284219941774,0.9842171339849884,0.9947546425965692,0.9935025253714268,0.9947772797066757,0.913270068361836,0.9921103212818347,1.0679692577176652,1.0015856558768528,1.0183506247896146,0.9900081978640324,1.0231718940139287,1.012632562232367,0.964877369940099,1.053985167389897,1.006988375982413,0.9770443475907237,0.9179749652621463,0.9675822728612945,1.027675319720794,1.0017258586868614,1.0261832299909657,1.0017310250026574,0.9287636023663857,0.9953018773954151,1.0016843084560272,0.9538422448637173,0.9964955656985259,0.9806661091944613,1.0024329143484982,0.9974584618202931,1.0258595300008293,0.9261157549515061,1.0125653376145847,0.9061110264715507,0.9596978995478156,1.0235718262316622,0.9524154097657539,0.9725871769427489,1.0016764378709735,0.9286272921849583
Indolelactate,IS7,188000.0,112000.0,2790.0,5490.0,18400.0,46400.0,63700.0,220000.0,540000.0,855000.0,1940000.0,320000.0,171000.0,6900.0,12800.0,36000.0,94200.0,111000.0,366000.0,782000.0,1340000.0,3060000.0,204000.0,198000.0,12300.0,27900.0,77900.0,94700.0,187000.0,150000.0,448000.0,1380000.0,3180000.0,289000.0,160000.0,9890.0,18200.0,39500.0,112000.0,124000.0,418000.0,744000.0,1850000.0,2950000.0,205000.0,202000.0,8540.0,9730.0,45200.0,62700.0,123000.0,478000.0,790000.0,1520000.0,3400000.0,316000.0,211000.0,12400.0,20800.0,57000.0,124000.0,215000.0,774000.0,1440000.0,2720000.0,5360000.0,329000.0,260000.0,11300.0,33300.0,67300.0,163000.0,231000.0,756000.0,1420000.0,2880000.0,5720000.0,0.9868111833589158,1.0044887489131193,0.9804554721035385,1.0044975646260779,1.0318224436342933,0.9369540941137496,1.0128835168666461,1.0045002200787818,0.921886055310458,0.9532843923893674,0.9587558468674853,0.9978249281829765,0.8976404187101927,1.0194872013291816,1.0093925726044422,1.0045091556952126,0.9443500987034339,1.0141563114297405,1.0044292520476936,1.056500912965501,1.0044949479016867,0.8822265685328082,1.0093608437721497,0.9636529077146528,0.9850861565674118,1.0181866955151746,1.0045408338339679,1.0199129119145158,0.9377817956785587,0.9762481906278332,1.0044620117487215,0.8442329638804148,0.9794647368806614,1.0114131428804043,0.957372521765108,1.0045516316450358,1.015825931961989,1.004491453519944,1.044525185132512,1.0045424080693741,1.1255497939485148,0.9978784272978822,1.049962684300803,0.9978395805908886,1.0255283244471376,0.9584800875835731,1.0144871563148472,0.9999586903969335,0.9403693408113196,0.9978889998920185,0.9282607852087442,1.0850941679964075,0.9978706860073969,0.9665037778734211,1.0279289598851356,1.031423091830813,1.0094033697151743,1.0330495264403048,1.0058122468347266,0.8779342565811289,0.9862008181817699,1.020206791705959,1.046904341499258,1.0113944175486687,0.9978495043751578,1.0065995265155359,0.9981054586753368,0.9900431393357134,1.036379350828706,1.0016170016216526,0.9826921028748138,0.9978435423362485,1.0578178097259674,1.0045083572116726,1.0176482042826085,1.0002615682336544,1.0299751774870323,0.986676659616603,0.9862482747729409,1.0045017948875923,1.036939384898501,1.1259507908893083,0.9831244876952329,0.9032470722435624,0.9693193426563006,1.0024066463001593,1.0943174334082653,0.9979091337183015,1.067203096589637,1.0011471982039153,1.00214588189252,1.0145640653842627,1.0232723443056178,0.9856197139361985,0.9907656354340332,1.0111030595708685,1.0455360912236014,0.9947508101824668,1.025556596729994,1.0045102409672273,1.0452197205621856,0.961412778998328,1.0219693241738428,1.011281479314438,1.0044458594377133,1.026666122152895,1.0045284253312605,0.9667818914383723,1.0042193681098432,0.9689935538234187,1.0042317432316554,0.9327189616690202,0.9822140472739099,0.9740904526673541,1.0059958404870077,1.051398484159365,0.9923537485178824,1.0043533672113962,0.9993714930819264,0.960465479025298
3MX,IS10,110000.0,52600.0,1870.0,2770.0,9170.0,22400.0,33900.0,89300.0,339000.0,457000.0,1060000.0,179000.0,268.0,88.6,6830.0,530.0,242.0,52300.0,174000.0,389000.0,685000.0,209000.0,133000.0,110000.0,3370.0,6510.0,22000.0,46200.0,101000.0,65900.0,235000.0,891000.0,483000.0,137000.0,33.3,6130.0,11000.0,23.9,55300.0,68300.0,221000.0,419000.0,1060000.0,499000.0,118000.0,254.0,67.5,90.6,133.0,35800.0,59700.0,240000.0,383000.0,920000.0,226000.0,177000.0,103000.0,8710.0,13400.0,29400.0,68900.0,177.0,367000.0,817000.0,1440000.0,165000.0,176000.0,140000.0,7860.0,14600.0,150.0,79500.0,117000.0,417000.0,887000.0,1400000.0,157000.0,0.9878848836213202,1.0620285633589677,1.0348242374881826,1.0560694503653614,1.1414807994171607,1.122807163779404,1.143774511161352,1.0605903760536652,1.2492164180667944,1.0624828003084168,1.5781766751414708,1.0125599721809442,0.9642989441157225,1.060693519034648,1.0553840605161762,1.0481574344980136,0.8387383996667613,4.993396973754436,0.35265775731079424,5.069190002868957,0.728718894688831,3.1264798545080814,1.2756004737957825,3.6759369523395073,0.16695079861524803,0.028280743849037778,0.4462577798307711,5.399071020147678,1.4024281013486646,0.18558533102431782,0.21689757033297952,0.08824600126746121,1.093205194019327,1.4350759624404321,1.2582716209458285,1.0611036072033035,1.4912720123791223,1.0597485593676033,1.0999071021231204,0.9931989074996881,1.1018038743519956,0.9789517582982697,1.334062324018051,1.061377116174097,1.0940619581183917,1.0514563706735078,1.00940402599461,0.9950206805381319,1.0267539511296657,1.060848264815883,0.9121873069760433,0.9441783932223338,0.9926870242587669,1.1955787656355432,1.0608593491981468,1.1540237291087736,1.0184222462737398,1.3095149050225365,1.0410916298442305,1.1029828979125837,0.8361530560875673,1.2286685232103305,1.0203059630974525,0.9687184084788081,1.0471352157145064,1.0188454618994491,1.0568406940773296,0.974829739718599,0.9558120441495296,1.0351481348706322,0.8673744047313373,1.0598551879192466,1.5095117573199965,0.25283646513011554,0.9635452922814491,1.0630791005613056,1.2144869366324278,1.084537080654537,1.5438824962011621,0.058618238126685145,2.0102872634887534,0.03470732985515676,0.11940634605586017,1.5246185374642962,1.105170314777101,1.0625666933278526,0.04198460151766726,1.0634726246006059,1.3510240585809714,0.6993715743034928,0.27190357922165564,0.6424761570061561,1.217364058873132,1.0597790822294788,1.6631432948164866,1.096596733125217,1.3046695573925071,0.9572236200949248,1.6802588305603325,1.0597136473412045,1.5515830035683063,1.0597092769144472,1.2591060347815688,0.946727348944698,0.9469494036741454,0.7880143929112654,0.9986513854241399,1.0004381590289375,0.9873115233602153,0.05152874743641824,1.0665639517869199,1.000327224268773,1.0605934121989824,0.9258886529668716,0.9767543956801124,0.10232607342317813,1.058296954161476,1.2178171169131726,1.0606332973042825,0.8904620012483573
7MX,IS10,83000.0,42400.0,1870.0,2410.0,7300.0,17500.0,25000.0,70700.0,257000.0,385000.0,1190000.0,143000.0,67200.0,3280.0,6830.0,13600.0,32500.0,43600.0,143000.0,389000.0,579000.0,1660000.0,106000.0,85800.0,2710.0,5390.0,17900.0,35200.0,80000.0,50100.0,186000.0,741000.0,1890000.0,115000.0,70800.0,5100.0,8370.0,16000.0,43200.0,54600.0,172000.0,340000.0,1010000.0,1820000.0,86900.0,111000.0,4490.0,4810.0,19000.0,26800.0,59700.0,185000.0,317000.0,792000.0,1970000.0,137000.0,103000.0,6310.0,10600.0,25100.0,57700.0,81200.0,297000.0,632000.0,1270000.0,3590000.0,142000.0,110000.0,6330.0,11500.0,36700.0,62200.0,89100.0,417000.0,715000.0,1440000.0,3260000.0,1.0266297678090432,1.0035934756891938,1.1290313666521727,1.0035068015513853,0.9685073133569617,1.0035848911431722,0.9678710066092262,1.0006983754850922,1.1241556845252159,0.9966975926232541,0.925833286320621,0.9966916696475986,0.9652939123228631,0.9620631299981872,0.7525103426557935,1.0567334427883885,0.9240139744476812,1.0424228671027522,0.9967131862116169,1.0740885490134082,1.0027404940416345,0.8343710613667134,0.9967259174744046,0.9819240539082642,1.003597682302484,0.9627503481534915,0.9605487331077424,1.1000605954027678,1.0545905614610245,1.0285521271295102,1.0035831604005356,1.0274404048454115,0.9037072434162409,0.9252692868649453,1.108828360800498,1.042661029052391,0.9898655004509272,1.0035942190970049,1.0775329122232344,0.9717972520154607,0.9938144566945342,1.0035008433992403,1.0002091843382748,1.0180126829400293,0.9269000915639509,0.9967006232572109,0.9976897446290182,0.9995537108498493,0.9799661562248146,0.9908886662857841,0.8680567018964237,1.0509954820363132,0.9404278625491245,1.1401147940910354,0.9966867736505057,1.1114793114733506,1.003595674454486,1.2534280937806348,1.0030964696581335,1.018580971825014,1.0072216289968,1.0321389101969498,1.0216496059336984,1.0289118401659267,1.0005967902307253,0.9938971452752675,0.9967049118048629,0.948679935080372,1.0323639220478678,0.9998698878098438,1.0296088052541883,1.0036003826021818,1.0094718080389125,1.0819167104811531,0.9807536337224536,0.9344230468763812,1.1680284942100525,0.9966902490491759,1.1194310274683041,0.9967193282520916,1.0140149578805742,0.9655445504232041,1.2132537663485703,1.0035971080741877,0.9926093724070979,0.9966389982734537,0.9273275468268958,1.0036746678320783,1.0036066511160366,1.04431911526962,0.9974467063183099,1.00032557687511,0.9967034196552721,0.9967651379885634,1.1264367442264827,0.9966688736060851,0.9513760610909245,0.998862742878925,1.1811623374475504,0.9966812392479664,1.0881098697627378,0.9966800929104197,0.9021342260750568,0.9996435277934426,0.9993426067737173,1.0284795284812491,0.9825180781728042,0.9964138357959565,1.0036418767650825,0.9868579838239141,1.004184721428378,1.0233741573142225,1.003533711439514,1.0392486055562224,0.9967100279295504,0.9656305213017787,1.0036314988180932,0.9979806769293071,1.047007489091383,1.0277906942129644
Uridine,IS8,83100.0,49300.0,1480.0,2700.0,9330.0,19000.0,28400.0,46600.0,98700.0,111000.0,126000.0,121000.0,94300.0,4100.0,6470.0,22600.0,42300.0,56600.0,124000.0,144000.0,286000.0,798000.0,115000.0,105000.0,3360.0,5500.0,17000.0,36600.0,91400.0,78900.0,230000.0,505000.0,902000.0,130000.0,102000.0,5800.0,10200.0,25400.0,62600.0,92800.0,227000.0,243000.0,782000.0,740000.0,113000.0,100000.0,5260.0,6550.0,23200.0,33900.0,50500.0,193000.0,262000.0,571000.0,886000.0,182000.0,114000.0,10200.0,16400.0,33300.0,74900.0,127000.0,314000.0,542000.0,809000.0,1370000.0,173000.0,144000.0,8980.0,13000.0,36100.0,76800.0,108000.0,292000.0,549000.0,1050000.0,1550000.0,0.7417489819307788,0.994694059428121,0.9530639302328452,1.065509520810822,1.2667920143039184,1.0669565323567372,1.155287699074752,1.0655009157506448,1.1149445597935124,1.0670208738699145,0.8847959250900694,1.140669421298795,0.965092998131312,0.938743430776448,0.9003038979230436,1.0655464435721866,0.958040563235847,1.0610666235461332,1.046842429024131,0.7863448614710196,1.0409704135123872,1.1189716387547524,0.9972109776966913,1.3201981078933485,0.9457563864662892,0.9292929360328429,1.0518607105768307,1.1449448174958912,1.0667455706268754,1.1434484622875916,1.0374481999788554,0.9629823823681158,1.065974894018669,0.9843252696942469,0.9856820118979719,1.311414874225411,1.1109908284477192,1.0656147337195343,1.1243826430123254,1.0662161289085474,1.2647235101763217,1.0254777515956068,0.9289718700549181,1.0173343641754116,1.1148598681880946,1.0651982198082952,0.9910017533538927,1.0669188414333313,1.3544721321028161,1.0957188677620686,1.1617445618009485,0.31849971024779244,0.9794089598767123,0.515826008068212,1.0649845001540827,0.8634421134783585,1.0018413387926768,0.5153520621582892,1.020405182713708,0.9136293991849791,1.0666739676415966,1.1382847596715802,1.0391188834713168,0.9705453399588538,1.0820167299182166,1.2481369856129123,1.0652549231064534,1.1492146307352955,0.44758288871173263,0.6167216021507059,0.8440912003986207,0.4658480753093136,1.0159393228181481,2.8002300163362257,0.5660446136879091,0.46063692884847834,0.44227581044200565,0.4173257828936943,0.8007215527722019,0.600228477202838,0.5924420737887796,0.5538597296371327,0.0775501341955945,0.48331778867367575,0.41350789776773045,0.5483291706393486,1.2706158505343284,1.0665896005791742,1.4222434813606595,1.01487621320519,0.7837183051004197,1.111878193774659,1.6825904056928478,1.0660675023923822,1.5048592691912763,1.1317596973804855,1.3510722170326,0.9821747803390171,1.5595088329714988,1.0661199747194625,0.9100324617783841,1.062115267383925,1.3915957384904665,0.622346589207236,0.42612292187499323,0.3969034227886826,1.1349852999587833,0.3680322684009606,0.4427605944938508,0.5796026998654061,1.0643168746462255,0.46342228227128784,0.9486823221622734,0.8475626496730188,1.0284650972291647,1.407264436018659,1.357556883649999,1.1778971496426647,1.061870473463792,0.9932318521264063
Stachydrine,IS6,2000000.0,1250000.0,41800.0,103000.0,305000.0,621000.0,854000.0,1730000.0,3020000.0,4260000.0,7460000.0,2520000.0,1760000.0,110000.0,185000.0,493000.0,993000.0,1300000.0,2870000.0,4300000.0,7380000.0,13800000.0,2250000.0,1800000.0,1180000.0,213000.0,2770000.0,957000.0,1890000.0,1540000.0,3090000.0,7510000.0,14400000.0,2690000.0,1830000.0,147000.0,283000.0,545000.0,1120000.0,1350000.0,3010000.0,4120000.0,8630000.0,13200000.0,1980000.0,1730000.0,128000.0,187000.0,626000.0,851000.0,1370000.0,2950000.0,4410000.0,6800000.0,11600000.0,2950000.0,2320000.0,169000.0,280000.0,653000.0,1280000.0,2030000.0,4710000.0,7360000.0,10100000.0,18700000.0,2820000.0,2520000.0,189000.0,2710000.0,825000.0,1920000.0,2240000.0,4720000.0,7120000.0,11000000.0,18300000.0,0.9974237022106553,1.0155763761131742,1.0341612978898516,0.9972193574047631,1.0132433726175625,0.9918424756162051,0.9958202528944781,0.995424486843798,1.0680838455998956,1.0127532500706224,0.9988000608364881,1.01756391645959,0.9685619687357354,0.9972434589705554,1.0320647694122325,1.0310234581976705,1.0664633847485006,0.9434892443934176,0.9937526626614663,1.0017854204952745,1.006976241819014,0.9510435179583505,1.002698771712461,1.0817402242880734,1.0027160028285076,1.0418745601534598,0.9973089215942043,1.0493302095867991,0.985185689233886,1.0140497031312157,1.0027403835624198,1.0027734143164577,0.9922743159344514,0.9889342966868016,0.9316413865488612,0.9549048288280634,0.9898892199392724,0.9972601042888852,1.0245195334312867,1.0063227513538873,0.9433719643946358,1.00814091250984,1.00262871594392,0.9935880507840661,0.9428815448214904,1.003011110664809,0.973247796886339,1.0027108220659298,1.0162258460392661,1.002691781953491,1.1407317524876892,0.8979756966556256,0.9170614734434974,0.8925454925043135,0.9854777582517253,1.0061957915273607,1.0027049578907967,1.0802424016477257,1.0027301880154602,0.9747975304287348,1.0096226153677472,0.9613739976351224,1.0027408849029869,0.9456945109109696,1.0343729565039421,1.012828058823996,0.9607413523804129,1.0226777650119871,0.9331937696682693,0.9437406262021029,0.9360346367189428,0.997226057995979,1.0465825126397108,1.0026948148371202,0.9804522904268638,1.0119617041005917,0.9831959449589672,0.9972351961477538,0.93164698205647,1.0026586225520866,1.0084667310129047,1.0174448028128222,1.0746841183386289,0.9959982700963422,0.9806989473595874,1.0027188036375225,0.953197193504345,0.9972308436696751,0.9348238430067493,0.9664908478784546,0.9886708625673666,1.0027124362760693,1.0349900959823735,1.0075033159754896,1.038923236633453,0.9550914291189242,1.092194867398945,1.0280576984242178,1.032585547173233,0.9938384993991334,1.0138907442986704,1.0065280998701522,1.1088849090372541,0.9360296169603661,0.9473144057113227,0.9516793701643209,0.9972661177642453,0.96926602044959,0.9972578799223413,1.02618609444563,0.9973092165519333,1.0380773769106404,1.0000003578815213,1.1313643925344266,0.9979899752232269,0.9985417150804016,1.0069535997823071,0.9900424535720759,0.9972621547291789,0.9734167472226635
PAGln,IS1,837000.0,383000.0,12300.0,22300.0,83500.0,232000.0,284000.0,826000.0,2120000.0,3120000.0,7250000.0,1030000.0,633000.0,26500.0,56900.0,164000.0,390000.0,448000.0,1400000.0,2670000.0,4350000.0,10300000.0,675000.0,703000.0,426000.0,192000.0,562000.0,449000.0,840000.0,590000.0,1820000.0,5120000.0,10900000.0,1190000.0,736000.0,35300.0,72600.0,146000.0,378000.0,447000.0,1430000.0,2320000.0,5730000.0,8710000.0,815000.0,806000.0,35200.0,42300.0,192000.0,281000.0,542000.0,1860000.0,2940000.0,5360000.0,11500000.0,1520000.0,1220000.0,42700.0,72300.0,200000.0,568000.0,1090000.0,2900000.0,5690000.0,9650000.0,19900000.0,1210000.0,1250000.0,77000.0,546000.0,342000.0,811000.0,1040000.0,3190000.0,6070000.0,10300000.0,20000000.0,1.044263037304982,1.0142884252412605,1.0334170151877302,0.9969670599759097,0.9630110783883192,0.9600964835758047,1.0233002257920112,1.0012948631673,1.0425799798367472,0.9883402440153779,1.0150672680816828,0.9969480212364568,1.0123838782864034,1.0475128799438747,0.8908207832585365,1.00130759530963,0.9641520040480708,0.9416956268568731,1.0118063016666352,0.9613599864164988,0.9984029260229911,0.9811054132639265,1.0640995915192673,1.0851794795082823,0.9944252697068866,1.0876083894784683,0.9969622257475614,1.0115869607700179,1.0126726069702932,0.9702608563893601,0.9969522700689073,1.0266695108854385,1.0299151343802262,1.087787436512019,0.9795076486526614,0.9969450432698866,0.9795796364300818,0.9974126428032916,1.063359927551938,0.9693166766911631,1.0688811899880852,1.0012887840112497,1.0365415768909845,0.9969542812519491,0.9445065713611513,1.0107610470842014,1.0156292922521886,1.0013018767468829,1.0428666736867682,1.0012603967309301,1.142199230593123,1.0651724730127698,0.9969498089377306,1.0824570443572077,0.987781453120113,1.0195385892520838,1.010569556973614,1.169141235441202,1.0109069008168827,1.0560204058346816,0.9984414114008135,0.9548358958098727,0.9860584573101616,0.9544036241261038,0.9942904578142674,0.9039625480958339,0.9967023762365901,0.9447663857756428,0.9864360937723823,1.0013029584273858,1.0132778175723653,0.9792381715413728,0.9076878569633771,0.995413772717313,1.0170845145386067,0.9982754677934933,1.0249830866270129,1.016879612473022,1.0204171606754904,1.0213241135535274,1.0110072700655286,0.9969525715206944,1.0740399322098702,1.015454261646774,0.9765493879232241,1.0000152560679794,0.9778069408397713,0.9969566046179373,0.9278570518912868,0.996961123996035,1.038606043475592,0.9956812392519934,0.982925765964721,0.9963603688710888,0.9480298360750209,1.0067217287313612,0.9960660201338025,1.0225559525712085,0.9984738776435712,0.9969677801554085,1.0160080161281788,0.9990078024683979,1.0809564434161658,0.9353546461696987,0.9805141751236846,0.947555780474617,0.9920682573481898,1.0186700115237637,0.9969585947582921,0.9728307376464926,1.0289519639968145,1.028286525661629,1.0012929638683814,0.953147999780673,0.9998286476509387,0.9704524738080423,0.9969532632038809,0.9287426907297375,1.0013061685944737,0.9956645245942246
